[
    {
        "name":"北京市",
        "code":"010",
        "country":"china"
    },{
        "name":"上海市",
        "code":"021",
        "country":"china"
    },{
        "name":"湖南省",
        "code":"073",
        "country":"china"
    },{
        "name":"北京市",
        "code":"010",
        "province":"010"
    },{
        "name":"上海市",
        "code":"021",
        "province":"021"
    },{
        "name":"长沙市",
        "code":"0731",
        "province":"073"
    },{
        "name":"湘潭市",
        "code":"0732",
        "province":"073"
    },{
        "name":"株洲市",
        "code":"0733",
        "province":"073"
    },{
        "name":"朝阳区",
        "code":"01001",
        "city":"010"
    },{
        "name":"海淀区",
        "code":"01002",
        "city":"010"
    },{
        "name":"浦东新区",
        "code":"02101",
        "city":"021"
    },{
        "name":"黄浦区",
        "code":"02102",
        "city":"021"
    },{
        "name":"芙蓉区",
        "code":"073101",
        "city":"0731"
    },{
        "name":"岳麓区",
        "code":"073102",
        "city":"0731"
    },{
        "name":"雨花区",
        "code":"073103",
        "city":"0731"
    },{
        "name":"开福区",
        "code":"073104",
        "city":"0731"
    },{
        "name":"天心区",
        "code":"073105",
        "city":"0731"
    },{
        "name":"浏阳市",
        "code":"073106",
        "city":"0731"
    },{
        "name":"长沙县",
        "code":"073107",
        "city":"0731"
    },{
        "name":"宁乡县",
        "code":"073108",
        "city":"0731"
    },{
        "name":"望城区",
        "code":"073109",
        "city":"0731"
    },{
        "name":"雨湖区",
        "code":"073201",
        "city":"0732"
    },{
        "name":"岳塘区",
        "code":"073202",
        "city":"0732"
    },{
        "name":"湘乡市",
        "code":"073203",
        "city":"0732"
    },{
        "name":"湘潭县",
        "code":"073204",
        "city":"0732"
    },{
        "name":"韶山市",
        "code":"073205",
        "city":"0732"
    },{
        "name":"荷塘区",
        "code":"073301",
        "city":"0733"
    },{
        "name":"天元区",
        "code":"073302",
        "city":"0733"
    },{
        "name":"石峰区",
        "code":"073303",
        "city":"0733"
    },{
        "name":"芦淞区",
        "code":"073304",
        "city":"0733"
    },{
        "name":"醴陵市",
        "code":"073305",
        "city":"0733"
    },{
        "name":"攸县",
        "code":"073306",
        "city":"0733"
    },{
        "name":"茶陵县",
        "code":"073307",
        "city":"0733"
    },{
        "name":"炎陵县",
        "code":"073308",
        "city":"0733"
    }
]