{
	"hot":["爸爸","妈妈","老板","老婆","汉子","啦啦"],
    "contacts":{
        "A":[{"name":"阿拉尔"},{"name":"安顺"},{"name":"安庆"},{"name":"阿勒泰地区"},{"name":"阿克苏地区"},{"name":"鞍山"},{"name":"澳门"},{"name":"阿里地区"},{"name":"安康"},{"name":"安阳"},{"name":"阿拉善盟"}],
        "B":[{"name":"巴中"},{"name":"白银"},{"name":"白城"},{"name":"博尔塔拉州"},{"name":"本溪"},{"name":"北京"},{"name":"宝鸡"},{"name":"巴音郭楞"},{"name":"百色"},{"name":"北海"},{"name":"巴彦淖尔"},{"name":"亳州"},{"name":"保山"},{"name":"蚌埠"},{"name":"白山"},{"name":"毕节地区"},{"name":"滨州"},{"name":"白沙"},{"name":"保亭"},{"name":"保定"},{"name":"包头"}],
        "C":[{"name":"长治"},{"name":"郴州"},{"name":"常州"},{"name":"滁州"},{"name":"崇左"},{"name":"潮州"},{"name":"长春"},{"name":"楚雄州"},{"name":"巢湖"},{"name":"常德"},{"name":"昌都地区"},{"name":"重庆"},{"name":"承德"},{"name":"沧州"},{"name":"长沙"},{"name":"朝阳"},{"name":"昌吉州"},{"name":"昌江"},{"name":"阿坝州"},{"name":"澄迈"},{"name":"成都"},{"name":"池州"},{"name":"赤峰"}],
        "D":[{"name":"大兴安岭地区"},{"name":"达州"},{"name":"儋州"},{"name":"东营"},{"name":"德州"},{"name":"大同"},{"name":"迪庆州"},{"name":"德宏州"},{"name":"东方"},{"name":"丹东"},{"name":"大连"},{"name":"定安"},{"name":"德阳"},{"name":"大庆"},{"name":"东莞"},{"name":"定西"},{"name":"大理州"}],
        "E":[{"name":"鄂尔多斯"},{"name":"鄂州"}],
        "F":[{"name":"佛山"},{"name":"防城港"},{"name":"抚顺"},{"name":"阜新"},{"name":"福州"},{"name":"阜阳"}],
        "G":[{"name":"高雄"},{"name":"桂林"},{"name":"果洛州"},{"name":"赣州"},{"name":"固原"},{"name":"广元"},{"name":"广安"},{"name":"甘孜州"},{"name":"贵阳"},{"name":"广州"},{"name":"甘南州"},{"name":"贵港"}],
        "H":[{"name":"黄南州"},{"name":"邯郸"},{"name":"衡水"},{"name":"海口"},{"name":"呼和浩特"},{"name":"葫芦岛"},{"name":"杭州"},{"name":"红河州"},{"name":"淮北"},{"name":"鹤壁"},{"name":"和田地区"},{"name":"河池"},{"name":"贺州"},{"name":"哈密地区"},{"name":"海西州"},{"name":"海南州"},{"name":"海北州"},{"name":"临高"},{"name":"河源"},{"name":"哈尔滨"},{"name":"惠州"},{"name":"呼伦贝尔"},{"name":"鹤岗"},{"name":"黑河"},{"name":"汉中"},{"name":"淮安"},{"name":"淮南"},{"name":"怀化"},{"name":"衡阳"},{"name":"菏泽"},{"name":"黄山"},{"name":"合肥"},{"name":"湖州"},{"name":"黄冈"},{"name":"黄石"}],
        "I":[],
        "J":[{"name":"景德镇"},{"name":"吉安"},{"name":"锦州"},{"name":"晋城"},{"name":"嘉义"},{"name":"嘉峪关"},{"name":"济宁"},{"name":"金昌"},{"name":"鸡西"},{"name":"佳木斯"},{"name":"焦作"},{"name":"江门"},{"name":"揭阳"},{"name":"酒泉"},{"name":"嘉兴"},{"name":"基隆"},{"name":"吉林市"},{"name":"金华"},{"name":"济南"},{"name":"晋中"},{"name":"九江"},{"name":"荆门"},{"name":"荆州"}],
        "K":[{"name":"昆明"},{"name":"克孜勒苏州"},{"name":"克拉玛依"},{"name":"喀什地区"},{"name":"开封"}],
        "L":[{"name":"六盘水"},{"name":"龙岩"},{"name":"临沧"},{"name":"丽江"},{"name":"丽水"},{"name":"临夏州"},{"name":"陇南"},{"name":"娄底"},{"name":"林芝地区"},{"name":"拉萨"},{"name":"泸州"},{"name":"凉山州"},{"name":"六安"},{"name":"乐山"},{"name":"吕梁"},{"name":"临汾"},{"name":"连云港"},{"name":"来宾"},{"name":"柳州"},{"name":"临沂"},{"name":"聊城"},{"name":"莱芜"},{"name":"乐东"},{"name":"廊坊"},{"name":"辽阳"},{"name":"兰州"},{"name":"洛阳"},{"name":"漯河"},{"name":"辽源"}],
        "M":[{"name":"眉山"},{"name":"绵阳"},{"name":"茂名"},{"name":"马鞍山"},{"name":"梅州"},{"name":"牡丹江"}],
        "N":[{"name":"南昌"},{"name":"南充"},{"name":"恩施"},{"name":"南通"},{"name":"南平"},{"name":"南阳"},{"name":"宁波"},{"name":"宁德"},{"name":"内江"},{"name":"南宁"},{"name":"那曲地区"},{"name":"怒江州"},{"name":"南京"}],
        "O":[],
        "P":[{"name":"攀枝花"},{"name":"盘锦"},{"name":"萍乡"},{"name":"平顶山"},{"name":"平凉"},{"name":"莆田"},{"name":"濮阳"},{"name":"普洱"}],
        "Q":[{"name":"七台河"},{"name":"庆阳"},{"name":"清远"},{"name":"衢州"},{"name":"泉州"},{"name":"潜江"},{"name":"秦皇岛"},{"name":"齐齐哈尔"},{"name":"曲靖"},{"name":"钦州"},{"name":"青岛"},{"name":"黔西南州"},{"name":"黔东南州"},{"name":"黔南州"},{"name":"琼海"},{"name":"琼中"},{"name":"陵水"}],
        "R":[{"name":"日照"},{"name":"日喀则地区"}],
        "S":[{"name":"石家庄"},{"name":"三门峡"},{"name":"随州"},{"name":"十堰"},{"name":"四平"},{"name":"宿迁"},{"name":"上饶"},{"name":"三明"},{"name":"神农架林区"},{"name":"上海"},{"name":"石河子"},{"name":"松原"},{"name":"苏州"},{"name":"朔州"},{"name":"绥化"},{"name":"商洛"},{"name":"双鸭山"},{"name":"沈阳"},{"name":"深圳"},{"name":"韶关"},{"name":"汕尾"},{"name":"汕头"},{"name":"山南地区"},{"name":"宿州"},{"name":"石嘴山"},{"name":"三亚"},{"name":"遂宁"},{"name":"绍兴"},{"name":"邵阳"},{"name":"商丘"}],
        "T":[{"name":"唐山"},{"name":"铁岭"},{"name":"屯昌"},{"name":"台南"},{"name":"天水"},{"name":"台州"},{"name":"通化"},{"name":"铜川"},{"name":"通辽"},{"name":"太原"},{"name":"台北"},{"name":"塔城地区"},{"name":"图木舒克"},{"name":"吐鲁番地区"},{"name":"泰安"},{"name":"泰州"},{"name":"台中"},{"name":"天门"},{"name":"铜仁地区"},{"name":"天津"},{"name":"铜陵"}],
        "U":[],
        "V":[],
        "W":[{"name":"吴忠"},{"name":"威海"},{"name":"渭南"},{"name":"武汉"},{"name":"温州"},{"name":"梧州"},{"name":"潍坊"},{"name":"乌兰察布"},{"name":"乌海"},{"name":"五家渠"},{"name":"文昌"},{"name":"乌鲁木齐"},{"name":"抚州"},{"name":"无锡"},{"name":"武威"},{"name":"芜湖"},{"name":"五指山"},{"name":"文山"},{"name":"万宁"}],
        "X":[{"name":"邢台"},{"name":"孝感"},{"name":"信阳"},{"name":"兴安盟"},{"name":"新竹"},{"name":"湘西州"},{"name":"锡林郭勒盟"},{"name":"襄阳"},{"name":"咸宁"},{"name":"仙桃"},{"name":"厦门"},{"name":"徐州"},{"name":"咸阳"},{"name":"忻州"},{"name":"西安"},{"name":"海东地区"},{"name":"西宁"},{"name":"新北"},{"name":"新乡"},{"name":"宣城"},{"name":"湘潭"},{"name":"西双版纳"},{"name":"新余"},{"name":"香港"},{"name":"许昌"}],
        "Y":[{"name":"玉林"},{"name":"延安"},{"name":"榆林"},{"name":"宜春"},{"name":"伊犁州"},{"name":"延边"},{"name":"云浮"},{"name":"阳江"},{"name":"鹰潭"},{"name":"永州"},{"name":"岳阳"},{"name":"营口"},{"name":"阳泉"},{"name":"运城"},{"name":"盐城"},{"name":"玉树州"},{"name":"银川"},{"name":"扬州"},{"name":"宜昌"},{"name":"伊春"},{"name":"玉溪"},{"name":"益阳"},{"name":"雅安"},{"name":"宜宾"},{"name":"烟台"}],
        "Z":[{"name":"昭通"},{"name":"张掖"},{"name":"自贡"},{"name":"资阳"},{"name":"湛江"},{"name":"肇庆"},{"name":"舟山"},{"name":"中山"},{"name":"珠海"},{"name":"淄博"},{"name":"漳州"},{"name":"遵义"},{"name":"中卫"},{"name":"张家口"},{"name":"郑州"},{"name":"周口"},{"name":"驻马店"},{"name":"镇江"},{"name":"株洲"},{"name":"张家界"},{"name":"枣庄"}]
    }
}