{
    "packageList":{
        "packages":{
            "response":{
                "lbpiclist":{
                    "lbpic":[{
                        "lbpicNum":1,
                        "lbpicUrl":"http://desk.fd.zol-img.com.cn/t_s208x130c5/g5/M00/05/00/ChMkJleod3-INfLSAAJpTMIGVBYAAURJwFbp-gAAmlk286.jpg"
                    },{
                        "lbpicNum":2,
                        "lbpicUrl":"http://desk.fd.zol-img.com.cn/t_s208x130c5/g5/M00/05/00/ChMkJleoejuIOlaRAAHJG6ClKGIAAURMQOJeXEAAckz357.jpg"
                    },{
                        "lbpicNum":3,
                        "lbpicUrl":"http://desk.fd.zol-img.com.cn/t_s208x130c5/g5/M00/02/0B/ChMkJleh3iaIVJO5AAYnJtkleMAAAUIGwIkml8ABic-350.jpg"
                    },{
                        "lbpicNum":4,
                        "lbpicUrl":"http://desk.fd.zol-img.com.cn/t_s960x600c5/g5/M00/05/00/ChMkJ1eoejeIMAroAAUwfMrFJD8AAURMQHFh0sABTCU839.jpg"
                    },{
                        "lbpicNum":5,
                        "lbpicUrl":"http://desk.fd.zol-img.com.cn/t_s960x600c5/g5/M00/05/00/ChMkJ1eoejSIAvfCAAPBDyka-uYAAURMQAWYjwAA8En210.jpg"
                    }]
                }
            }
        }
    }
}